{
  "sensitive_features": [
    "Gender",
    "MaritalStatus"
  ],
  "groups": {
    "Gender": {
      "rows": [
        {
          "group": "Female",
          "count": 116,
          "positive_rate": 0.06896551724137931,
          "accuracy": 0.8793103448275862,
          "tpr": 0.3125,
          "fpr": 0.03
        },
        {
          "group": "Male",
          "count": 178,
          "positive_rate": 0.05056179775280899,
          "accuracy": 0.8539325842696629,
          "tpr": 0.22580645161290322,
          "fpr": 0.013605442176870748
        }
      ],
      "demographic_parity_gap": 0.018403719488570322,
      "tpr_gap": 0.08669354838709678
    },
    "MaritalStatus": {
      "rows": [
        {
          "group": "Divorced",
          "count": 64,
          "positive_rate": 0.015625,
          "accuracy": 0.921875,
          "tpr": 0.0,
          "fpr": 0.016666666666666666
        },
        {
          "group": "Married",
          "count": 133,
          "positive_rate": 0.03759398496240601,
          "accuracy": 0.8721804511278195,
          "tpr": 0.16666666666666666,
          "fpr": 0.017391304347826087
        },
        {
          "group": "Single",
          "count": 97,
          "positive_rate": 0.1134020618556701,
          "accuracy": 0.8144329896907216,
          "tpr": 0.36,
          "fpr": 0.027777777777777776
        }
      ],
      "demographic_parity_gap": 0.0977770618556701,
      "tpr_gap": 0.36
    }
  },
  "notes": [
    "Fairness diagnostics are descriptive and should be interpreted with domain context."
  ]
}